ParticipantID,True label,Predicted
34,2,2
3234,2,2
1557,2,2
2548,2,2
458,2,2
3599,2,2
858,2,2
1879,2,2
706,2,2
804,2,2
1643,2,2
496,2,2
2867,2,2
1035,2,2
1518,2,2
565,2,2
2827,2,2
569,2,2
2576,2,2
3957,2,2
671,2,2
3318,2,2
1499,2,2
2972,2,2
97,2,2
2230,2,2
791,2,2
110,2,2
2248,2,2
1581,2,2
1294,2,2
1256,2,2
2091,2,2
1903,2,2
1878,2,2
1565,1,2
2299,2,2
3872,2,2
2792,2,2
3087,1,2
230,2,2
2385,2,2
950,2,2
3789,2,2
1974,2,2
1002,2,2
2329,2,2
2132,2,2
3973,1,2
297,2,2
326,2,2
894,2,2
197,2,2
2442,2,2
1919,2,2
2535,2,2
2383,2,2
1624,2,2
535,2,2
2575,2,2
2858,2,2
2616,2,2
309,2,2
2671,2,2
3667,2,2
1622,2,2
180,2,2
2921,2,2
1056,2,2
2611,2,2
803,2,2
3419,2,2
150,2,2
1617,2,2
2705,2,2
786,2,2
2510,2,2
3183,2,2
1045,2,2
1948,2,2
1363,2,2
3899,2,2
1019,2,2
2814,2,2
4022,1,2
3580,2,2
3931,2,2
2099,2,2
3264,2,2
3387,1,2
2197,2,2
2719,2,2
2925,2,2
2173,2,2
677,2,2
3615,2,2
4077,2,2
252,2,2
271,2,2
133,2,2
3559,2,2
2334,2,2
1057,2,2
2761,2,2
71,2,2
2447,2,2
2097,2,2
3850,2,2
2588,2,2
306,2,2
464,2,2
316,2,2
15,2,2
2923,2,2
1174,2,2
1259,2,2
3391,2,2
2942,2,2
1776,2,2
1164,2,2
9,2,2
167,2,2
2184,2,2
2917,2,2
1570,2,2
1048,2,2
2275,2,2
2662,2,2
2678,2,2
1085,2,2
403,2,2
1584,2,2
3411,2,2
3131,2,2
1663,2,2
3689,2,2
1371,2,2
1740,2,2
2261,2,2
1097,2,2
3231,2,2
844,2,2
2956,2,2
1726,2,2
2437,2,2
1755,2,2
33,2,2
2793,2,2
3008,2,2
3650,2,2
2760,2,2
1374,2,2
734,2,2
3058,2,2
3794,2,2
2231,2,2
3059,2,2
556,2,2
1771,2,2
1426,2,2
2635,2,2
3867,2,2
299,2,2
2011,2,2
1205,2,2
3545,2,2
2118,2,2
3526,2,2
2610,2,2
185,2,2
3316,2,2
3915,2,2
2664,2,2
1814,2,2
1172,2,2
462,2,2
2686,2,2
2963,2,2
2338,2,2
315,2,2
212,2,2
3210,2,2
44,2,2
1264,2,2
1175,2,2
2103,2,2
2165,2,2
3705,2,2
683,2,2
3167,2,2
1727,2,2
3118,2,2
2019,2,1
2632,2,2
3570,2,2
1414,2,2
3029,2,2
606,1,2
466,2,2
745,2,1
2382,2,2
18,2,2
1698,2,2
595,2,2
808,2,2
4016,2,2
2216,2,2
1633,2,2
1189,2,2
3598,2,2
3627,2,2
1593,2,2
2790,2,2
643,1,2
3686,2,2
1868,2,2
1289,2,2
3433,2,2
3702,2,2
319,2,2
898,2,2
3540,2,2
1468,2,2
1841,2,2
1345,2,2
552,2,2
819,2,2
1784,2,2
206,2,2
1753,2,2
1107,2,2
1279,2,2
3332,2,2
2257,2,2
1033,2,2
3288,2,2
2177,2,2
1072,1,2
1745,2,2
1551,2,2
3575,2,2
3114,2,2
1799,2,2
1812,2,2
4074,2,2
1913,1,2
94,2,2
3056,2,2
2851,2,2
1211,2,2
1229,2,2
2410,2,2
1834,2,2
24,2,2
2186,2,2
3882,2,2
3837,2,2
2861,2,2
4055,2,2
2581,2,2
1949,2,2
1615,2,2
3206,2,2
2415,2,2
2777,2,2
3254,2,2
4000,2,2
2133,2,2
1092,2,2
1095,2,2
4033,2,2
2413,2,2
100,2,2
753,2,2
1179,2,2
3340,2,2
813,2,2
1576,2,2
121,2,2
1481,2,2
3122,2,2
157,2,2
1221,2,2
1299,2,2
1322,2,2
409,2,2
3877,2,2
2207,2,2
472,2,2
241,2,2
1065,1,2
3727,2,2
1823,2,2
1117,2,2
3620,2,2
911,2,2
4052,2,2
3083,2,2
1953,2,2
1502,2,2
2243,2,2
3416,2,2
2190,2,2
545,2,2
3790,2,2
3035,2,2
3049,2,2
178,2,2
2584,2,2
2788,2,2
1813,2,2
52,2,2
1421,2,2
2986,2,2
74,2,2
1075,2,2
367,2,2
1323,2,2
2926,2,2
415,2,2
1730,2,2
890,2,2
3960,2,2
4067,2,2
2859,2,2
2417,2,2
158,2,2
2423,2,2
2060,2,2
3136,2,2
53,2,2
1271,2,2
221,2,2
599,2,2
27,2,2
1886,2,2
830,2,2
215,2,2
2098,2,2
1160,2,2
2629,2,2
2402,2,2
1579,2,2
322,2,2
3809,1,2
3337,2,2
1428,2,2
2342,2,2
502,2,2
913,2,2
3298,2,2
3775,2,2
3043,2,2
3887,2,2
45,2,2
577,2,2
491,2,2
3430,2,2
1026,2,2
3424,2,2
355,2,2
2953,2,2
3212,2,2
3483,2,2
597,2,2
2399,2,2
870,2,2
3704,2,2
1214,2,2
3863,2,2
2476,2,2
2700,2,2
257,2,2
1024,2,2
1273,2,2
3747,2,2
2826,2,2
2729,2,2
2938,2,2
3428,2,2
528,2,2
721,2,2
2351,2,2
3732,2,2
292,2,2
777,2,2
1676,2,2
135,2,2
865,2,2
3816,2,2
2695,2,2
2378,2,2
264,2,2
2114,2,2
3497,2,2
439,2,2
1961,2,2
3207,2,2
57,1,2
2321,1,2
3304,2,2
1023,2,2
2429,2,2
1362,2,2
747,2,2
2376,2,2
1746,2,2
1136,2,2
3246,1,2
3755,2,2
394,2,2
2393,2,2
949,2,2
171,2,2
3490,2,2
2227,2,2
2209,2,2
1612,2,2
1651,2,2
1892,1,2
189,2,2
13,2,2
1611,2,2
323,2,2
1415,2,2
3164,2,2
3701,2,2
1780,2,2
732,2,2
2894,2,2
3742,2,2
433,2,2
3016,2,2
2474,2,2
1992,2,2
1877,2,2
2853,2,2
3017,2,2
3368,2,2
3926,2,2
1074,2,2
1733,2,2
239,2,2
175,2,2
3150,2,2
1732,2,2
3542,2,2
2844,2,2
3258,2,2
756,2,2
1423,2,2
512,2,2
2899,2,2
818,2,2
411,1,2
1930,2,2
872,2,2
3835,2,2
3696,2,2
4024,1,2
3233,2,2
986,2,2
228,2,2
3897,2,2
3352,2,2
3022,2,2
352,2,2
1449,2,2
1559,2,2
3286,2,2
832,2,2
3423,2,2
2241,2,2
1115,2,2
1433,2,2
70,2,2
1827,2,2
46,2,2
1111,2,2
3564,2,2
184,2,2
2482,2,2
2816,2,2
1704,2,2
2431,2,2
1338,2,2
2551,2,2
3873,2,2
140,2,2
2623,2,2
2409,2,2
310,2,2
267,2,2
2877,2,2
2213,2,2
3271,2,2
64,2,2
2836,2,2
1352,1,2
3967,2,2
1403,2,2
145,2,2
3527,2,2
843,1,2
811,2,2
719,2,2
487,2,2
539,2,2
880,2,2
2340,2,2
1768,2,2
3086,2,2
1201,2,2
3693,2,2
3687,2,2
2432,2,2
1614,2,2
1616,2,2
1227,2,2
3099,2,2
1645,2,2
280,2,2
3800,2,2
3441,2,2
359,2,2
2882,2,2
300,2,2
1731,2,2
3190,2,2
2772,2,2
1533,2,2
416,2,2
2250,2,2
953,2,2
1546,2,2
2536,2,2
3555,1,2
4021,2,2
1425,2,2
3382,2,2
812,2,2
1296,2,2
1770,2,2
1176,1,2
2703,2,2
59,1,2
77,2,2
369,2,2
1619,2,2
3130,2,2
1351,2,2
2286,2,2
2857,1,2
2092,2,2
600,2,2
1654,2,2
1314,2,2
2175,2,2
2443,2,2
125,2,2
3379,2,2
1262,2,2
2303,2,2
2612,2,2
430,2,2
3829,2,2
3778,2,2
1058,2,2
4036,2,2
1951,2,2
2526,2,2
3904,2,2
388,2,2
31,2,2
1367,2,2
204,2,2
4005,2,2
3932,2,2
788,2,2
3923,2,2
2360,2,2
2571,2,2
3239,2,2
479,2,2
3291,2,2
3553,2,2
444,2,2
1767,1,2
1394,2,2
2187,2,2
193,2,2
568,1,2
2237,2,2
1865,2,2
7,2,2
440,2,2
290,2,2
2285,2,2
3314,2,2
4054,2,2
1190,2,2
3502,2,2
1290,2,2
839,2,2
656,2,2
2516,2,2
2630,2,2
195,2,2
451,2,2
1794,2,2
1150,2,2
30,2,2
3663,2,2
1603,2,2
2773,2,2
3725,2,2
817,2,2
3218,2,2
2590,2,2
1236,2,2
3772,2,2
2677,2,2
3221,2,2
2464,2,2
223,2,2
2477,2,1
863,2,2
574,2,2
3214,2,2
3658,2,2
3857,2,2
1420,2,2
3330,2,2
681,2,1
81,2,2
258,2,2
296,1,1
2579,2,2
1028,2,2
2094,2,2
810,2,2
889,2,2
908,2,2
2346,2,2
752,2,2
2441,2,2
2246,2,2
2914,2,2
1790,2,2
3769,2,2
1564,2,2
3971,2,2
1238,2,2
3828,2,2
3194,2,2
655,2,2
1989,2,2
2131,2,2
1973,2,2
3874,2,2
412,2,2
694,2,2
3889,2,2
3294,2,2
1488,2,2
1513,2,2
1062,2,2
658,2,2
2900,2,2
3853,2,2
1808,2,2
153,2,2
3442,2,2
2808,2,2
2160,2,2
103,2,2
2764,2,2
1030,2,2
240,2,2
3106,2,2
2030,2,2
3750,2,2
2087,2,2
1158,2,2
3117,2,2
2712,2,2
3222,2,2
2568,2,2
904,2,2
2322,2,2
1804,2,2
1736,2,2
333,2,2
765,2,2
3685,2,2
1437,2,2
3625,2,2
1690,2,2
2355,2,2
2502,2,2
1129,2,2
2577,2,2
2125,2,2
1484,2,2
2964,2,2
970,2,2
2330,2,2
1432,2,2
2343,2,2
1162,2,2
2471,2,2
1937,2,2
2108,2,2
555,2,2
3342,2,2
938,2,2
3197,2,2
1165,2,2
3938,2,2
3265,2,2
3036,2,2
799,2,2
2006,2,2
866,2,2
2406,2,2
3969,2,2
3048,2,2
1724,2,2
3864,2,2
1282,2,2
3951,2,2
1408,2,2
3510,2,2
2182,2,2
730,2,2
3501,2,2
2005,2,2
722,2,2
1870,2,2
1069,2,2
3289,2,2
1399,2,2
2178,2,2
1939,2,2
347,2,2
2245,2,2
2668,2,2
1124,2,2
2310,2,2
3345,2,2
762,2,2
3776,2,2
2604,2,2
1477,2,2
3965,2,2
179,2,2
1979,2,2
3249,2,2
882,1,2
2869,2,2
1392,2,2
2981,2,2
1897,2,2
26,2,2
2949,2,2
3590,2,2
3823,2,2
174,2,2
1413,2,2
3496,2,2
332,2,2
3549,2,2
431,2,2
2647,2,2
2064,2,2
1043,2,2
2908,2,2
480,2,2
3027,2,2
1544,2,2
2349,2,2
2708,2,2
2821,2,2
1000,2,2
3822,2,2
2015,2,2
1867,2,2
325,2,2
1996,2,2
1357,2,2
469,2,2
562,2,2
1832,2,2
2054,2,2
3657,2,2
2120,2,2
1232,2,2
991,2,2
2501,2,2
62,2,2
965,2,2
3471,2,2
3079,2,2
255,2,2
4034,2,2
1139,2,2
1500,2,2
2906,2,2
2023,2,2
3449,2,2
3842,2,2
68,2,2
1689,2,2
933,2,2
222,2,2
3700,2,2
