ParticipantID,Pred_Probability
33,0.4471300255317408
3233,0.46534415468114443
1556,0.17738551077014902
2547,0.8868135671924696
457,0.6032690855712061
3598,0.868780663658534
857,0.9410965597604463
1878,0.858394225676588
705,0.6627745464362499
803,0.9375071704441932
1642,0.7633849694005317
495,0.904676762076373
2866,0.597066289423735
1034,0.9547794171816056
1517,0.9765627909359422
564,0.8753434853242748
2826,0.8090496590932545
568,0.6918566037909563
2575,0.7728589797499672
3956,0.632486627045134
670,0.9082697798649952
3317,0.543312658535092
1498,0.6728761240855609
2971,0.08856468679440169
96,0.8130306041161205
2229,0.6423305154729304
790,0.5112845266150345
109,0.4228548384438265
2247,0.5134285370592577
1580,0.11540969475068957
1293,0.41020789061419677
1255,0.8212347897596204
2090,0.6242086576928951
1902,0.5798738265840097
1877,0.7682430212157183
1564,0.2722066070814342
2298,0.1900658574737636
3871,0.6170112961182965
2791,0.8950883423986832
3086,0.27357730107974715
229,0.7719560318408971
2384,0.7852457590311451
949,0.9575673911432313
3788,0.10861434157337593
1973,0.7485635246735778
1001,0.5065351242434925
2328,0.8137535311197909
2131,0.9440929767185056
3972,0.17255313737671493
296,0.6463561754361656
325,0.7346903990006374
893,0.22410082873981677
196,0.6083286706267719
2441,0.36092768029896316
1918,0.9727511587003637
2534,0.45607647338216
2382,0.9097223593464244
1623,0.1391971965724875
534,0.05777006169393086
2574,0.7244060926787539
2857,0.9309750496645218
2615,0.3126881151646516
308,0.5253585076387116
2670,0.916312025273599
3666,0.8988362579844509
1621,0.955084487898988
179,0.34242521213149185
2920,0.8152674971685878
1055,0.8133151909222417
2610,0.5856989074370546
802,0.9116288285353001
3418,0.8404893219334774
149,0.4098444190280929
1616,0.20668026175437781
2704,0.7229254845939348
785,0.5145242665260953
2509,0.5150181643439184
3182,0.18627026858011617
1044,0.7535176369908169
1947,0.08144867385376837
1362,0.8518063045103106
3898,0.6346021832590628
1018,0.7984989896021139
2813,0.5326386544953202
4021,0.3725345084516001
3579,0.9184177861878411
3930,0.6577798790368365
2098,0.8549128332788658
3263,0.7931948452428308
3386,0.41859983226026304
2196,0.844935456188193
2718,0.3470552350124676
2924,0.5220996259042675
2172,0.7728583126182358
676,0.43776654508813345
3614,0.8660338885035688
4076,0.5895453855982354
251,0.5049512428205216
270,0.43703202822688547
132,0.8973378760474208
3558,0.8506021094006332
2333,0.2547629188711941
1056,0.7527055306616968
2760,0.8549708525092731
70,0.7912190831707072
2446,0.7439129266425017
2096,0.6922382909451018
3849,0.8249612268139964
2587,0.7720680716305741
305,0.8660302767720958
463,0.8644559405376787
315,0.06320258349014125
14,0.5284482502486686
2922,0.864094034446247
1173,0.24321355386761986
1258,0.34635626993865753
3390,0.7381542394383156
2941,0.7431524887475631
1775,0.9420055677447025
1163,0.3855763927034681
8,0.48330485374571425
166,0.6189546448213439
2183,0.8561302949682162
2916,0.930519745723283
1569,0.939352689240251
1047,0.8836834275402204
2274,0.9791016270942231
2661,0.6918284956054003
2677,0.954567184918155
1084,0.8435964882861947
402,0.955200366763446
1583,0.8442854825255278
3410,0.9540316192396303
3130,0.5776839887464201
1662,0.8991067473420193
3688,0.7463242934081036
1370,0.6509368256769515
1739,0.6807429249197731
2260,0.8164731387798017
1096,0.9148703184771092
3230,0.5865545228664742
843,0.648003213671838
2955,0.48511218370914994
1725,0.9200480009210141
2436,0.808334485097677
1754,0.6907425932775156
32,0.506651352894311
2792,0.791989169823924
3007,0.3046526959309263
3649,0.668976564041255
2759,0.5040389645291228
1373,0.6673886071190971
733,0.7967669765268748
3057,0.3391921589041884
3793,0.9506957810054999
2230,0.965390704878741
3058,0.9033010243651575
555,0.2996392181035363
1770,0.7619855315552828
1425,0.6440885956632726
2634,0.5534154158478292
3866,0.7682726149192067
298,0.6307753963893623
2010,0.6473628350455739
1204,0.7819219444393765
3544,0.849063494670383
2117,0.6035562161792968
3525,0.5314186989353074
2609,0.2882270858593587
184,0.7843458729977163
3315,0.6732689485785999
3914,0.10908101671686374
2663,0.31331549880829834
1813,0.7118663129745625
1171,0.7047082341602433
461,0.21745141603011475
2685,0.7132153606669589
2962,0.2109216733827487
2337,0.05642437246121336
314,0.7003966121040938
211,0.8056133192927161
3209,0.739037797867287
43,0.8636631113554684
1263,0.6874353200845934
1174,0.5498242233276774
2102,0.3751236137781248
2164,0.3216119410064018
3704,0.6618132250013318
682,0.8581496843048393
3166,0.7256563564858246
1726,0.8046334762248637
3117,0.5104935708067887
2018,0.27973429193584737
2631,0.8410054308823369
3569,0.8930782922715699
1413,0.7844672847343461
3028,0.32595185140406197
605,0.051828488882900856
465,0.5753718124535669
744,0.48373232390536297
2381,0.61175424880522
17,0.35879006229896565
1697,0.15893251808492367
594,0.2789944755184085
807,0.12473246630613243
4015,0.6071973537944273
2215,0.8845993595183355
1632,0.8595709194922359
1188,0.5788109936243183
3597,0.5718171149550182
3626,0.916757462808999
1592,0.8057509940311453
2789,0.795115569001975
642,0.2880623718212053
3685,0.6529157363972432
1867,0.7108339432197393
1288,0.8736302891076603
3432,0.11936117843635206
3701,0.8583544668771192
318,0.42927314209059153
897,0.7336661790076273
3539,0.8493603284752267
1467,0.9028017027958251
1840,0.808343709936335
1344,0.8037395258296903
551,0.863091012071371
818,0.271424207021272
1783,0.44512484604718233
205,0.4242106026857227
1752,0.768958428393323
1106,0.15394403228710632
1278,0.8535982725649769
3331,0.5578137791478763
2256,0.8792005343315461
1032,0.9406439379728752
3287,0.7836731298169262
2176,0.4292605754090156
1071,0.7162314208550457
1744,0.6395828851586738
1550,0.9369771714673684
3574,0.8077130612003527
3113,0.40826717528467527
1798,0.7827097369982395
1811,0.5401510003007493
4073,0.8009102601990611
1912,0.6637705016585854
93,0.8192468385349454
3055,0.9262182271616433
2850,0.8562446640121002
1210,0.9196241231604755
1228,0.650068229214897
2409,0.8044596726693384
1833,0.10425853034894789
23,0.6453209823754049
2185,0.8477873123531899
3881,0.2758460955850567
3836,0.8144881653672272
2860,0.9475162904422394
4054,0.6210711259543926
2580,0.8597678442131965
1948,0.6955670578359803
1614,0.8223616983279538
3205,0.8332386428596713
2414,0.11283100022387496
2776,0.29659895983814605
3253,0.7412244773555616
3999,0.0903212442122014
2132,0.5760309113321578
1091,0.04388781841347442
1094,0.8197414066384332
4032,0.8463123392965409
2412,0.4594648377562339
99,0.6987207094170536
752,0.6029725466235247
1178,0.33177150720176907
3339,0.4914898739312531
812,0.6413593554831083
1575,0.8797531286747831
120,0.3325958037002105
1480,0.6980524601289856
3121,0.7049768645189691
156,0.9370104240052505
1220,0.42740831141900265
1298,0.9248163982327126
1321,0.7029914996150894
408,0.09938397080280367
3876,0.26916984849793485
2206,0.39707467333328916
471,0.8439696227068391
240,0.9004240315387458
1064,0.3652456661357521
3726,0.45314994315664414
1822,0.6860904603713052
1116,0.8589402175140991
3619,0.9045110414541088
910,0.8560070744053361
4051,0.9150718106391093
3082,0.9308179672708666
1952,0.7669240435922771
1501,0.13758512936282685
2242,0.7289834894039307
3415,0.6593308666146644
2189,0.795621562063334
544,0.8419141183200084
3789,0.9152862383766003
3034,0.565931858220086
3048,0.33837413158374924
177,0.5813911796784763
2583,0.6308620187816605
2787,0.9466896140640245
1812,0.8990651345784322
51,0.2069722025366628
1420,0.47777835273564173
2985,0.9391602426311462
73,0.8150885816637607
1074,0.7766765569617332
366,0.9667094475925854
1322,0.8541057752308434
2925,0.15027746154515326
414,0.5802534111052602
1729,0.4804762964126694
889,0.927865292605293
3959,0.7612254050761141
4066,0.44012309339432854
2858,0.5708329614889118
2416,0.404700613043891
157,0.9574433318798868
2422,0.9507168129038672
2059,0.7524423509391671
3135,0.7305319959349832
52,0.8186882961379995
1270,0.8678847728010916
220,0.4128117679683927
598,0.9408914508498863
26,0.7849011134691726
1885,0.8176424898376677
829,0.9299037588921732
214,0.9184175072838793
2097,0.8751887440728535
1159,0.6633432615156037
2628,0.3477373450164911
2401,0.6125711322278833
1578,0.5543958545865267
321,0.7837019243730521
3808,0.4008043643039934
3336,0.4849357349303196
1427,0.5729771430994488
2341,0.17782252808460652
501,0.9208860110013971
912,0.4807415046416037
3297,0.8949299282839097
3774,0.8810394553382975
3042,0.286009361290667
3886,0.9686270548496843
44,0.9583314197811873
576,0.8634050333994752
490,0.6944431831908495
3429,0.7093186154907427
1025,0.8858640957480313
3423,0.5724860239086025
354,0.9149150645521938
2952,0.9272736581271372
3211,0.5464255978083907
3482,0.8999556379712281
596,0.6826561407430902
2398,0.2925679124053911
869,0.41294510199035106
3703,0.6653852529941404
1213,0.8823142676530991
3862,0.8465337833645867
2475,0.9780455077309391
2699,0.9668677376752274
256,0.7219814944158678
1023,0.9582974204948868
1272,0.6355639682438747
3746,0.8597001010451537
2825,0.7696545499867861
2728,0.8118347005268767
2937,0.6738666941003838
3427,0.9444539565803607
527,0.7447430025884927
720,0.8842849980911598
2350,0.7479966392772326
3731,0.4860518679795808
291,0.5007848361455292
776,0.3754735953760239
1675,0.37449383812217546
134,0.5635785635959821
864,0.826171555600355
3815,0.36432223740483854
2694,0.8950757344521989
2377,0.682365410666511
263,0.807757108419068
2113,0.09687386768661249
3496,0.6331176520751377
438,0.20816606920933092
1960,0.8925990850211585
3206,0.8835305748625063
56,0.08548654200215751
2320,0.7180760889561255
3303,0.5700025801418077
1022,0.4034765501964845
2428,0.45853581806824134
1361,0.38126568695895
746,0.6371630811840476
2375,0.981641240165384
1745,0.7323262564207796
1135,0.09480021461618475
3245,0.36549390066282733
3754,0.7184546421592599
393,0.7810432647950248
2392,0.90399556249314
948,0.6445621196795305
170,0.8077620131449671
3489,0.928818107789543
2226,0.6204084136888116
2208,0.9155743175606599
1611,0.6208116574498193
1650,0.7355620670015722
1891,0.1709964124551213
188,0.6603891916631477
12,0.8727563140428458
1610,0.6659140311648889
322,0.4081139346116092
1414,0.9335681762359987
3163,0.9311705584554517
3700,0.8467913426172726
1779,0.5629449502022543
731,0.8257338782402482
2893,0.6988124892684393
3741,0.42233516135953314
432,0.9355147361463122
3015,0.9327671438339924
2473,0.7172052872164502
1991,0.7424021022820375
1876,0.22190117677951823
2852,0.7092246165090816
3016,0.6786270343882004
3367,0.7575625721058435
3925,0.17924992515810992
1073,0.9317230477746631
1732,0.32971792782768605
238,0.8396057444643482
174,0.41669496562206226
3149,0.6199347182453034
1731,0.5125234140095708
3541,0.9387687227596097
2843,0.4234791881155888
3257,0.4136794367184816
755,0.6813801803577888
1422,0.7668298280549765
511,0.8540795636762559
2898,0.5636273504573371
817,0.2261243776331788
410,0.8556354487689191
1929,0.749365042808728
871,0.5257470638019868
3834,0.9739592634935988
3695,0.7965249696153858
4023,0.8088652069695716
3232,0.8260481050078565
985,0.13207639576481284
227,0.856721575798402
3896,0.767316874804921
3351,0.2520892860446576
3021,0.8004186953373621
351,0.9108030245220119
1448,0.543266250714464
1558,0.9044234025809311
3285,0.9152254295184303
831,0.6086959767944494
3422,0.16959531532741315
2240,0.94573576073909
1114,0.7237129575585598
1432,0.5490318678288117
69,0.8921346229205831
1826,0.8091221177680425
45,0.38664793532786423
1110,0.9549179963316029
3563,0.6755626398248485
183,0.9192039999182543
2481,0.5291550181544122
2815,0.22109773466970353
1703,0.904248699296745
2430,0.6972694571573042
1337,0.6811018074886872
2550,0.5412133294268193
3872,0.4588829746472986
139,0.5715872725575979
2622,0.6877725466401388
2408,0.9133545078415806
309,0.6930302403211062
266,0.45512044911483246
2876,0.8449375113703377
2212,0.11337526603682271
3270,0.5464838426585643
63,0.45417356736366227
2835,0.5970996880096541
1351,0.23865273015273872
3966,0.272317249018983
1402,0.4671132000557494
144,0.937320289560167
3526,0.6134323492710466
842,0.28724122247554434
810,0.8912347746872147
718,0.8283609965682718
486,0.9155042335364413
538,0.29385184242142826
879,0.39356092237446844
2339,0.43547290971146646
1767,0.8855633357680724
3085,0.9021461692296441
1200,0.8195234364499474
3692,0.9831725904637277
3686,0.4847545844283847
2431,0.7681597589194226
1613,0.5594901510845425
1615,0.3202116513461871
1226,0.7980902238812008
3098,0.872871323854659
1644,0.767500165381473
279,0.8165199642822178
3799,0.8765054982217646
3440,0.4874955407610527
358,0.22769520239516622
2881,0.41102388789293465
299,0.9659516636147462
1730,0.6203598449935354
3189,0.8122584600034117
2771,0.8976515217368373
1532,0.3999538321076078
415,0.8840823578375215
2249,0.9270352058722241
952,0.19264853461614936
1545,0.5547394447353335
2535,0.5754969153211822
3554,0.62827934071996
4020,0.9364114228261293
1424,0.8353647816984521
3381,0.8732664199366561
811,0.46092753477095927
1295,0.7420628402568215
1769,0.9737816689063827
1175,0.7390547004677129
2702,0.6019339091992048
58,0.4327187098324994
76,0.7346631862775617
368,0.5043651590371552
1618,0.9087183857671969
3129,0.7323865276083328
1350,0.71246738172409
2285,0.9790536365843855
2856,0.6502512977467915
2091,0.3194720325272677
599,0.7870536312417505
1653,0.8382731706466288
1313,0.6958766449226433
2174,0.5485708098574539
2442,0.6657787960773508
124,0.8267452142182907
3378,0.9400052350140113
1261,0.4669991947248818
2302,0.8433247956525048
2611,0.7672583122344869
429,0.213470782676712
3828,0.39929696444557516
3777,0.4271012217111483
1057,0.8447528240877967
4035,0.9857422730021261
1950,0.10662862215050287
2525,0.9154463971345909
3903,0.9209707068680788
387,0.19630892637709008
30,0.3381772088804583
1366,0.38121823158782475
203,0.9061470575347106
4004,0.7443572030730841
3931,0.28440022481007793
787,0.72131321787293
3922,0.96658397320722
2359,0.7529279741687864
2570,0.8358139971280255
3238,0.9042302661630615
478,0.4658412209031288
3290,0.38702595418743074
3552,0.5771962940253226
443,0.8695287787457503
1766,0.6797292422231981
1393,0.8072834665871527
2186,0.8332413134473775
192,0.8707030692359266
567,0.38372237301026146
2236,0.8486258608298255
1864,0.8246583733570766
6,0.9224983902590009
439,0.7004137699566304
289,0.7512004112108087
2284,0.4946501814221371
3313,0.8669898559167694
4053,0.8369566348079851
1189,0.7772850822903954
3501,0.7881418492651482
1289,0.586326358719222
838,0.5084447398890745
655,0.9590763367456427
2515,0.32540682965174184
2629,0.8453992709733054
194,0.7429743392032443
450,0.5031803257133219
1793,0.8309991694304388
1149,0.5344291478966646
29,0.393896709722714
3662,0.29602287652617204
1602,0.740149792285624
2772,0.775502647009221
3724,0.8525692420485514
816,0.8960348384178398
3217,0.38981244207632354
2589,0.5946541457400759
1235,0.6948077549998469
3771,0.9483441361229611
2676,0.7632398677208556
3220,0.9409174757218455
2463,0.13274322731936447
222,0.8212793804509583
2476,0.03098885698102602
862,0.9366949802979457
573,0.9479935928769047
3213,0.33089102189660635
3657,0.1897877629963573
3856,0.40741469831289834
1419,0.2610105662930033
3329,0.6342877825068601
680,0.5715003428202725
80,0.8213868094592343
257,0.862818140667862
295,0.3747117882094803
2578,0.924400287407083
1027,0.7606581346032161
2093,0.04858975262170226
809,0.17688435728117943
888,0.7468462919836131
907,0.28945412513738855
2345,0.14175215674678934
751,0.616447391902483
2440,0.964847610804287
2245,0.8144426892558724
2913,0.8623757877787155
1789,0.3747164101754743
3768,0.6766794433258436
1563,0.8094030948987804
3970,0.849671144081646
1237,0.5419077894119108
3827,0.5447523948143034
3193,0.8765578862884229
654,0.8436089410933085
1988,0.20394517838928253
2130,0.48116351321308615
1972,0.8402133577823223
3873,0.18493667378286938
411,0.3594887710108952
693,0.8683530125267982
3888,0.6235894790116484
3293,0.4258588587840423
1487,0.8968118670809826
1512,0.22839212229406416
1061,0.8672821280955733
657,0.48549455535752567
2899,0.5813343559207602
3852,0.7965024973407
1807,0.9687375909586318
152,0.9051693757841144
3441,0.6140278641670479
2807,0.874923169271809
2159,0.8554526627849725
102,0.8194010832550649
2763,0.4699560463499226
1029,0.9184607599977122
239,0.9190221159940807
3105,0.8046413206108084
2029,0.44199802690351936
3749,0.5463207136466322
2086,0.963506859436297
1157,0.7656239805058282
3116,0.8812163965323235
2711,0.8515704310316998
3221,0.904224495159363
2567,0.9657422697168171
903,0.9127175293054949
2321,0.9748827839429369
1803,0.9641292118957674
1735,0.7697758678565727
332,0.7549518105044322
764,0.3391700584358137
3684,0.7440528019834054
1436,0.9141118691421405
3624,0.9121604453952502
1689,0.4350413956845131
2354,0.8702498498711546
2501,0.623858201626663
1128,0.4141782850091894
2576,0.5583754531572412
2124,0.6377941558786444
1483,0.3912924051336957
2963,0.6025482308773265
969,0.8884273573548988
2329,0.9363558426187897
1431,0.9760117095087005
2342,0.984210117108195
1161,0.8320384727688109
2470,0.7463652091798112
1936,0.539080508674388
2107,0.9328923829387041
554,0.6245152410553862
3341,0.8177473514812893
937,0.6106576757953476
3196,0.7309410860616472
1164,0.29761635041395745
3937,0.8582171290263675
3264,0.550736924203205
3035,0.6492351419345278
798,0.2417587696915484
2005,0.7527432932551055
865,0.8790957183989064
2405,0.9624934542309722
3968,0.5102338698096907
3047,0.9625585830478447
1723,0.657879264751279
3863,0.8320601620742532
1281,0.7323819905468726
3950,0.8996042569271839
1407,0.7361900311025359
3509,0.5441722562819832
2181,0.441179932684613
729,0.9364453510566441
3500,0.9361248475271164
2004,0.9283603770211666
721,0.9032725889309736
1869,0.8886245255030384
1068,0.41593956736139726
3288,0.5772857907297392
1398,0.07407472540577917
2177,0.7815284422942428
1938,0.7558438457628889
346,0.8737718853178182
2244,0.35291770959166663
2667,0.37419766868893944
1123,0.9005265081110401
2309,0.47162427671823
3344,0.9394039634548716
761,0.7623844146025185
3775,0.7309759038043315
2603,0.8306232946982205
1476,0.13126930252488123
3964,0.9265409866226282
178,0.4307208756098883
1978,0.14287558932603495
3248,0.34481429788153684
881,0.07185497588803655
2868,0.8395554865339352
1391,0.7557343877602587
2980,0.8894134738167548
1896,0.6899642240041883
25,0.6535769437556531
2948,0.31396429424784034
3589,0.8982779458541493
3822,0.7018502000214795
173,0.5758407962975524
1412,0.3625667096002831
3495,0.6185698420694447
331,0.30161123150685515
3548,0.9184042001091139
430,0.30083597704723725
2646,0.9462501174991415
2063,0.8253168556625161
1042,0.5108017546160634
2907,0.6893042904066085
479,0.14724337155494271
3026,0.3778392952639356
1543,0.43624521508229974
2348,0.6523922101119821
2707,0.6742170492044871
2820,0.2738984090485415
999,0.5313144537273503
3821,0.8709612065164217
2014,0.4826995789311194
1866,0.20700886876174124
324,0.6143343879831089
1995,0.8897669223273633
1356,0.2173283114435604
468,0.9543983897923279
561,0.8376160980925386
1831,0.6216224879605314
2053,0.8970196070513803
3656,0.10463880906883367
2119,0.5171353968021538
1231,0.9668753461540515
990,0.4693489923716259
2500,0.6763813673498873
61,0.5448883886341233
964,0.7604843867841455
3470,0.49978731704607665
3078,0.9126839384846983
254,0.7261030963438272
4033,0.9042860252586346
1138,0.9075914339524963
1499,0.9105631719043211
2905,0.5003249580814653
2022,0.6421873672626411
3448,0.0697263603952954
3841,0.9041152510572723
67,0.22425440110437814
1688,0.6289856962863393
932,0.8081861834923562
221,0.8560934812045056
3699,0.771326932040472
