ParticipantID,Prediction
34,1
3234,1
1557,1
2548,0
458,0
3599,0
858,0
1879,0
706,0
804,0
1643,0
496,0
2867,0
1035,0
1518,0
565,0
2827,0
569,0
2576,0
3957,1
671,0
3318,0
1499,0
2972,1
97,0
2230,0
791,0
110,0
2248,1
1581,1
1294,1
1256,0
2091,0
1903,0
1878,0
1565,1
2299,1
3872,0
2792,0
3087,1
230,0
2385,0
950,0
3789,1
1974,0
1002,0
2329,0
2132,0
3973,1
297,0
326,0
894,1
197,0
2442,1
1919,0
2535,1
2383,0
1624,1
535,1
2575,0
2858,0
2616,1
309,0
2671,0
3667,0
1622,0
180,1
2921,0
1056,0
2611,0
803,0
3419,0
150,1
1617,1
2705,0
786,0
2510,1
3183,1
1045,0
1948,1
1363,0
3899,0
1019,0
2814,0
4022,1
3580,0
3931,0
2099,0
3264,0
3387,0
2197,0
2719,1
2925,1
2173,0
677,1
3615,0
4077,0
252,0
271,0
133,0
3559,0
2334,1
1057,0
2761,0
71,0
2447,0
2097,0
3850,0
2588,0
306,0
464,0
316,1
15,0
2923,0
1174,1
1259,1
3391,0
2942,0
1776,0
1164,0
9,1
167,0
2184,0
2917,0
1570,0
1048,0
2275,0
2662,0
2678,0
1085,0
403,0
1584,0
3411,0
3131,0
1663,0
3689,0
1371,0
1740,0
2261,0
1097,0
3231,0
844,0
2956,1
1726,0
2437,0
1755,0
33,1
2793,0
3008,1
3650,0
2760,0
1374,0
734,0
3058,0
3794,0
2231,0
3059,0
556,1
1771,0
1426,0
2635,0
3867,0
299,0
2011,0
1205,0
3545,0
2118,1
3526,0
2610,1
185,0
3316,0
3915,1
2664,1
1814,0
1172,0
462,1
2686,0
2963,1
2338,1
315,0
212,0
3210,0
44,0
1264,0
1175,0
2103,1
2165,1
3705,0
683,0
3167,0
1727,0
3118,0
2019,1
2632,0
3570,0
1414,0
3029,1
606,1
466,0
745,1
2382,0
18,1
1698,1
595,1
808,1
4016,0
2216,0
1633,0
1189,0
3598,0
3627,0
1593,0
2790,0
643,1
3686,0
1868,0
1289,0
3433,1
3702,0
319,1
898,0
3540,0
1468,0
1841,0
1345,0
552,0
819,1
1784,0
206,1
1753,0
1107,1
1279,0
3332,0
2257,0
1033,0
3288,0
2177,1
1072,0
1745,0
1551,0
3575,0
3114,1
1799,0
1812,0
4074,0
1913,0
94,0
3056,0
2851,0
1211,0
1229,0
2410,0
1834,1
24,0
2186,0
3882,1
3837,0
2861,0
4055,0
2581,0
1949,0
1615,0
3206,0
2415,1
2777,1
3254,0
4000,1
2133,0
1092,1
1095,0
4033,0
2413,1
100,0
753,0
1179,1
3340,1
813,0
1576,0
121,0
1481,0
3122,0
157,0
1221,0
1299,0
1322,0
409,1
3877,1
2207,1
472,0
241,0
1065,1
3727,1
1823,0
1117,0
3620,0
911,0
4052,0
3083,0
1953,0
1502,1
2243,0
3416,0
2190,0
545,0
3790,0
3035,1
3049,1
178,0
2584,0
2788,0
1813,0
52,1
1421,0
2986,0
74,0
1075,0
367,0
1323,0
2926,1
415,0
1730,1
890,0
3960,0
4067,1
2859,0
2417,1
158,0
2423,0
2060,0
3136,0
53,0
1271,0
221,1
599,0
27,0
1886,0
830,0
215,0
2098,0
1160,0
2629,1
2402,0
1579,1
322,0
3809,1
3337,0
1428,0
2342,1
502,0
913,1
3298,0
3775,0
3043,1
3887,0
45,0
577,0
491,0
3430,0
1026,0
3424,0
355,0
2953,0
3212,0
3483,0
597,0
2399,1
870,1
3704,0
1214,0
3863,0
2476,0
2700,0
257,0
1024,0
1273,0
3747,0
2826,0
2729,0
2938,0
3428,0
528,0
721,0
2351,0
3732,0
292,1
777,1
1676,1
135,0
865,0
3816,1
2695,0
2378,0
264,0
2114,1
3497,0
439,1
1961,0
3207,0
57,1
2321,0
3304,0
1023,1
2429,0
1362,1
747,0
2376,0
1746,0
1136,1
3246,1
3755,0
394,0
2393,0
949,0
171,0
3490,0
2227,0
2209,0
1612,0
1651,0
1892,1
189,0
13,0
1611,0
323,1
1415,0
3164,0
3701,0
1780,0
732,0
2894,0
3742,0
433,0
3016,0
2474,0
1992,0
1877,1
2853,0
3017,0
3368,0
3926,1
1074,0
1733,1
239,0
175,1
3150,0
1732,1
3542,0
2844,0
3258,1
756,0
1423,0
512,0
2899,0
818,1
411,0
1930,0
872,1
3835,0
3696,0
4024,0
3233,0
986,1
228,0
3897,0
3352,1
3022,0
352,0
1449,0
1559,0
3286,0
832,0
3423,1
2241,0
1115,0
1433,0
70,0
1827,0
46,1
1111,0
3564,0
184,0
2482,0
2816,1
1704,0
2431,0
1338,0
2551,1
3873,0
140,0
2623,0
2409,0
310,0
267,0
2877,0
2213,1
3271,0
64,1
2836,0
1352,1
3967,1
1403,1
145,0
3527,1
843,1
811,0
719,0
487,0
539,1
880,0
2340,0
1768,0
3086,0
1201,0
3693,0
3687,0
2432,0
1614,0
1616,1
1227,0
3099,0
1645,0
280,0
3800,0
3441,0
359,1
2882,1
300,0
1731,0
3190,0
2772,0
1533,0
416,0
2250,0
953,1
1546,0
2536,0
3555,0
4021,0
1425,0
3382,0
812,1
1296,0
1770,0
1176,0
2703,0
59,1
77,0
369,0
1619,0
3130,0
1351,0
2286,0
2857,0
2092,1
600,0
1654,0
1314,0
2175,0
2443,0
125,0
3379,0
1262,0
2303,0
2612,0
430,1
3829,1
3778,1
1058,0
4036,0
1951,1
2526,0
3904,0
388,1
31,1
1367,1
204,0
4005,0
3932,1
788,0
3923,0
2360,0
2571,0
3239,0
479,0
3291,1
3553,0
444,0
1767,0
1394,0
2187,0
193,0
568,1
2237,0
1865,0
7,0
440,0
290,0
2285,1
3314,0
4054,0
1190,0
3502,0
1290,0
839,0
656,0
2516,1
2630,0
195,0
451,1
1794,0
1150,1
30,1
3663,1
1603,0
2773,0
3725,0
817,0
3218,1
2590,1
1236,0
3772,0
2677,0
3221,0
2464,1
223,0
2477,1
863,0
574,0
3214,1
3658,1
3857,0
1420,1
3330,0
681,0
81,0
258,0
296,1
2579,0
1028,0
2094,1
810,1
889,0
908,1
2346,1
752,0
2441,0
2246,0
2914,0
1790,1
3769,0
1564,0
3971,0
1238,0
3828,0
3194,0
655,0
1989,1
2131,0
1973,0
3874,1
412,1
694,0
3889,0
3294,1
1488,0
1513,1
1062,0
658,0
2900,0
3853,0
1808,0
153,0
3442,1
2808,0
2160,0
103,0
2764,1
1030,0
240,0
3106,0
2030,1
3750,0
2087,0
1158,0
3117,0
2712,0
3222,0
2568,0
904,0
2322,0
1804,0
1736,0
333,0
765,1
3685,0
1437,0
3625,0
1690,1
2355,0
2502,0
1129,1
2577,1
2125,0
1484,1
2964,0
970,0
2330,0
1432,0
2343,0
1162,0
2471,0
1937,0
2108,0
555,0
3342,0
938,0
3197,0
1165,1
3938,0
3265,0
3036,0
799,1
2006,0
866,0
2406,0
3969,1
3048,0
1724,0
3864,0
1282,0
3951,0
1408,0
3510,0
2182,0
730,0
3501,0
2005,0
722,0
1870,0
1069,1
3289,0
1399,1
2178,0
1939,0
347,0
2245,1
2668,1
1124,0
2310,1
3345,0
762,0
3776,0
2604,0
1477,1
3965,0
179,1
1979,1
3249,1
882,1
2869,0
1392,0
2981,0
1897,0
26,0
2949,1
3590,0
3823,0
174,0
1413,1
3496,0
332,1
3549,0
431,1
2647,0
2064,0
1043,0
2908,0
480,1
3027,1
1544,0
2349,0
2708,0
2821,1
1000,1
3822,0
2015,1
1867,1
325,0
1996,0
1357,1
469,0
562,0
1832,0
2054,0
3657,1
2120,1
1232,0
991,0
2501,0
62,0
965,0
3471,1
3079,0
255,0
4034,0
1139,0
1500,0
2906,0
2023,1
3449,1
3842,0
68,1
1689,0
933,0
222,0
3700,0
